"","linear.pval","linear.r2","quad.pval","quad.r2","exp.pval","exp.r2"
"1",0.578713860190004,0.0243426364969859,0.568355504370098,0.1510311444768,0.377829610176619,0.060265371207903
